<?xml version="1.0"?>
<doc>
    <assembly>
        <name>RxBim.AutocadTests.Cmd.2019</name>
    </assembly>
    <members>
        <member name="T:RxBim.AutocadTests.Cmd.Command">
            <inheritdoc />
        </member>
        <member name="M:RxBim.AutocadTests.Cmd.Command.ExecuteCommand(Autodesk.AutoCAD.EditorInput.Editor,RxBim.Tests.SDK.AcadTestClient,NUnit.Framework.Api.ITestAssemblyRunner,NUnit.Framework.Interfaces.ITestFilter,NUnit.Framework.Interfaces.ITestListener)">
            <summary>
                Executes command.
            </summary>
            <param name="editor"><see cref="T:Autodesk.AutoCAD.EditorInput.Editor" /> instance.</param>
            <param name="acadTestClient">
                <see cref="T:RxBim.Tests.SDK.AcadTestClient" />
            </param>
            <param name="testAssemblyRunner">
                <see cref="T:NUnit.Framework.Api.ITestAssemblyRunner" />
            </param>
            <param name="testFilter">
                <see cref="T:NUnit.Framework.Interfaces.ITestFilter" />
            </param>
            <param name="testListener">
                <see cref="T:NUnit.Framework.Interfaces.ITestListener" />
            </param>
        </member>
        <member name="T:RxBim.AutocadTests.Cmd.Config">
            <inheritdoc />
        </member>
        <member name="M:RxBim.AutocadTests.Cmd.Config.Configure(Microsoft.Extensions.DependencyInjection.IServiceCollection)">
            <inheritdoc />
        </member>
        <member name="T:RxBim.AutocadTests.Cmd.Services.AcadTestFilter">
            <inheritdoc />
        </member>
        <member name="M:RxBim.AutocadTests.Cmd.Services.AcadTestFilter.Match(NUnit.Framework.Interfaces.ITest)">
            <inheritdoc />
        </member>
        <member name="M:RxBim.AutocadTests.Cmd.Services.AcadTestFilter.AddToXml(NUnit.Framework.Interfaces.TNode,System.Boolean)">
            <inheritdoc />
        </member>
        <member name="T:RxBim.AutocadTests.Cmd.Services.MyTestAssemblyBuilder">
            <inheritdoc />
        </member>
        <member name="M:RxBim.AutocadTests.Cmd.Services.MyTestAssemblyBuilder.#ctor(NUnit.Framework.Api.ITestAssemblyBuilder)">
            <summary>
                Initializes a new instance of the <see cref="T:RxBim.AutocadTests.Cmd.Services.MyTestAssemblyBuilder" /> class.
            </summary>
            <param name="implementation">
                <see cref="T:NUnit.Framework.Api.ITestAssemblyBuilder" />
            </param>
        </member>
        <member name="M:RxBim.AutocadTests.Cmd.Services.MyTestAssemblyBuilder.Build(System.Reflection.Assembly,System.Collections.Generic.IDictionary{System.String,System.Object})">
            <inheritdoc />
        </member>
        <member name="M:RxBim.AutocadTests.Cmd.Services.MyTestAssemblyBuilder.Build(System.String,System.Collections.Generic.IDictionary{System.String,System.Object})">
            <inheritdoc />
        </member>
        <member name="T:RxBim.AutocadTests.Cmd.Services.TestListener">
            <inheritdoc />
        </member>
        <member name="M:RxBim.AutocadTests.Cmd.Services.TestListener.#ctor(RxBim.Tests.SDK.AcadTestClient)">
            <summary>
                ctr
            </summary>
            <param name="acadTestClient">
                <see cref="T:RxBim.Tests.SDK.AcadTestClient" />
            </param>
        </member>
        <member name="M:RxBim.AutocadTests.Cmd.Services.TestListener.TestStarted(NUnit.Framework.Interfaces.ITest)">
            <inheritdoc />
        </member>
        <member name="M:RxBim.AutocadTests.Cmd.Services.TestListener.TestFinished(NUnit.Framework.Interfaces.ITestResult)">
            <inheritdoc />
        </member>
        <member name="M:RxBim.AutocadTests.Cmd.Services.TestListener.TestOutput(NUnit.Framework.Interfaces.TestOutput)">
            <inheritdoc />
        </member>
        <member name="M:RxBim.AutocadTests.Cmd.Services.TestListener.SendMessage(NUnit.Framework.Interfaces.TestMessage)">
            <inheritdoc />
        </member>
        <member name="T:RxBim.AutocadTests.Cmd.CommandGenerated">
            <summary>
            Generated Command.
            </summary>
        </member>
        <member name="M:RxBim.AutocadTests.Cmd.CommandGenerated.CommandExecute">
            <summary>
            Command execute.
            </summary>
        </member>
    </members>
</doc>
