<?xml version="1.0"?>
<doc>
    <assembly>
        <name>AcadTests.SDK</name>
    </assembly>
    <members>
        <member name="T:AcadTests.SDK.Abstractions.ITestRunningOptions">
            <summary>
                comment
            </summary>
        </member>
        <member name="P:AcadTests.SDK.Abstractions.ITestRunningOptions.AssemblyPath">
            <summary>
                The full path to the assembly containing your tests.
            </summary>
        </member>
        <member name="P:AcadTests.SDK.Abstractions.ITestRunningOptions.Debug">
            <summary>
                Debug mode.
            </summary>
        </member>
        <member name="P:AcadTests.SDK.Abstractions.ITestRunningOptions.TestName">
            <summary>
                The name of a test to run.
            </summary>
        </member>
        <member name="T:AcadTests.SDK.AcadTestClient">
            <summary>
                Клиент
            </summary>
        </member>
        <member name="M:AcadTests.SDK.AcadTestClient.#ctor(System.String)">
            <summary>
                Initializes a new instance of the <see cref="T:AcadTests.SDK.AcadTestClient" /> class.
            </summary>
            <param name="pipeName">Pipe name</param>
        </member>
        <member name="M:AcadTests.SDK.AcadTestClient.SendMessage(System.String)">
            <summary>
                Посылает сообщение
            </summary>
            <param name="message">сообщение</param>
        </member>
        <member name="M:AcadTests.SDK.AcadTestClient.GetTestRunningOptions">
            <summary>
                comment
            </summary>
            <returns></returns>
        </member>
        <member name="M:AcadTests.SDK.AcadTestClient.SendResult(System.String)">
            <summary>
                comment
            </summary>
            <param name="result">сообщение</param>
        </member>
        <member name="T:AcadTests.SDK.AcadTestSdk">
            <summary>
                AcadTestSdk
            </summary>
        </member>
        <member name="P:AcadTests.SDK.AcadTestSdk.AcadTestClient">
            <summary>
                Client
            </summary>
        </member>
        <member name="P:AcadTests.SDK.AcadTestSdk.AcadTestServer">
            <summary>
                Server
            </summary>
        </member>
        <member name="T:AcadTests.SDK.AcadTestServer">
            <summary>
                Сервер для обработки сообщений.
            </summary>
        </member>
        <member name="M:AcadTests.SDK.AcadTestServer.#ctor(System.String)">
            <summary>
                Initializes a new instance of the <see cref="T:AcadTests.SDK.AcadTestServer" /> class.
            </summary>
            <param name="pipeName">pipeName</param>
        </member>
        <member name="M:AcadTests.SDK.AcadTestServer.Start(AcadTests.SDK.Abstractions.ITestRunningOptions,System.Threading.CancellationToken)">
            <summary>
                comment
            </summary>
            <param name="testRunningOptions">comment sad</param>
            <param name="cancellationToken">
                <see cref="T:System.Threading.CancellationToken" />
            </param>
        </member>
        <member name="T:AcadTests.SDK.Helpers.TestRunningOptions">
            <inheritdoc />
        </member>
        <member name="M:AcadTests.SDK.Helpers.TestRunningOptions.#ctor">
            <summary>
                Initializes a new instance of the <see cref="T:AcadTests.SDK.Helpers.TestRunningOptions" /> class.
            </summary>
        </member>
        <member name="M:AcadTests.SDK.Helpers.TestRunningOptions.#ctor(AcadTests.SDK.Abstractions.ITestRunningOptions)">
            <summary>
                Initializes a new instance of the <see cref="T:AcadTests.SDK.Helpers.TestRunningOptions" /> class.
            </summary>
            <param name="testRunningOptionsImplementation">other</param>
        </member>
        <member name="P:AcadTests.SDK.Helpers.TestRunningOptions.AssemblyPath">
            <inheritdoc />
        </member>
        <member name="P:AcadTests.SDK.Helpers.TestRunningOptions.Debug">
            <inheritdoc />
        </member>
        <member name="P:AcadTests.SDK.Helpers.TestRunningOptions.TestName">
            <inheritdoc />
        </member>
    </members>
</doc>
