<?xml version="1.0"?>
<doc>
    <assembly>
        <name>RevitTests.TestingUtils</name>
    </assembly>
    <members>
        <member name="T:RevitTests.TestingUtils.Helper">
            <summary>
            bla
            </summary>
        </member>
        <member name="P:RevitTests.TestingUtils.Helper.UiApplication">
            <summary>
            UI app
            </summary>
        </member>
        <member name="T:RevitTests.TestingUtils.TestingDiConfigurator">
            <inheritdoc />
        </member>
        <member name="M:RevitTests.TestingUtils.TestingDiConfigurator.#ctor">
            <inheritdoc />
        </member>
        <member name="M:RevitTests.TestingUtils.TestingDiConfigurator.ConfigureBaseDependencies">
            <inheritdoc />
        </member>
        <member name="T:AcadTests.TestingUtils.Di.ITestConfiguration">
            <inheritdoc />
        </member>
    </members>
</doc>
