<?xml version="1.0"?>
<doc>
    <assembly>
        <name>RevitTests.Cmd</name>
    </assembly>
    <members>
        <member name="T:RevitTests.Cmd.Cmd">
            <inheritdoc />
        </member>
        <member name="M:RevitTests.Cmd.Cmd.ExecuteCommand(AcadTests.SDK.AcadTestClient,NUnit.Framework.Api.ITestAssemblyRunner,NUnit.Framework.Interfaces.ITestFilter,Autodesk.Revit.UI.UIApplication,NUnit.Framework.Interfaces.ITestListener)">
            <inheritdoc />
        </member>
        <member name="M:RevitTests.Cmd.Cmd.IsCommandAvailable(Autodesk.Revit.UI.UIApplication,Autodesk.Revit.DB.CategorySet)">
            <inheritdoc />
        </member>
        <member name="T:RevitTests.Cmd.Config">
            <inheritdoc />
        </member>
        <member name="M:RevitTests.Cmd.Config.Configure(RxBim.Di.IContainer)">
            <inheritdoc />
        </member>
        <member name="T:RevitTests.Cmd.TestListener">
            <inheritdoc />
        </member>
        <member name="M:RevitTests.Cmd.TestListener.#ctor(AcadTests.SDK.AcadTestClient)">
            <summary>
                ctr
            </summary>
            <param name="acadTestClient">
                <see cref="T:AcadTests.SDK.AcadTestClient" />
            </param>
        </member>
        <member name="M:RevitTests.Cmd.TestListener.TestStarted(NUnit.Framework.Interfaces.ITest)">
            <inheritdoc />
        </member>
        <member name="M:RevitTests.Cmd.TestListener.TestFinished(NUnit.Framework.Interfaces.ITestResult)">
            <inheritdoc />
        </member>
        <member name="M:RevitTests.Cmd.TestListener.TestOutput(NUnit.Framework.Interfaces.TestOutput)">
            <inheritdoc />
        </member>
        <member name="M:RevitTests.Cmd.TestListener.SendMessage(NUnit.Framework.Interfaces.TestMessage)">
            <inheritdoc />
        </member>
    </members>
</doc>
